file,line,type,commit,author,date,time,timezone,datetime,depth,length
src/app.html,1,html,569f80c5,Szheng2324,2024-04-08,09:46:03,-04:00,2024-04-08T09:46:03-04:00,0,14
src/app.html,2,html,569f80c5,Szheng2324,2024-04-08,09:46:03,-04:00,2024-04-08T09:46:03-04:00,0,15
src/app.html,3,html,569f80c5,Szheng2324,2024-04-08,09:46:03,-04:00,2024-04-08T09:46:03-04:00,1,5
src/app.html,4,html,569f80c5,Szheng2324,2024-04-08,09:46:03,-04:00,2024-04-08T09:46:03-04:00,2,23
src/app.html,5,html,569f80c5,Szheng2324,2024-04-08,09:46:03,-04:00,2024-04-08T09:46:03-04:00,2,56
src/app.html,6,html,569f80c5,Szheng2324,2024-04-08,09:46:03,-04:00,2024-04-08T09:46:03-04:00,2,69
src/app.html,7,html,569f80c5,Szheng2324,2024-04-08,09:46:03,-04:00,2024-04-08T09:46:03-04:00,2,15
src/app.html,8,html,569f80c5,Szheng2324,2024-04-08,09:46:03,-04:00,2024-04-08T09:46:03-04:00,1,6
src/app.html,9,html,569f80c5,Szheng2324,2024-04-08,09:46:03,-04:00,2024-04-08T09:46:03-04:00,1,41
src/app.html,10,html,569f80c5,Szheng2324,2024-04-08,09:46:03,-04:00,2024-04-08T09:46:03-04:00,2,52
src/app.html,11,html,569f80c5,Szheng2324,2024-04-08,09:46:03,-04:00,2024-04-08T09:46:03-04:00,1,6
src/app.html,12,html,569f80c5,Szheng2324,2024-04-08,09:46:03,-04:00,2024-04-08T09:46:03-04:00,0,6
src/routes/+page.svelte,1,svelte,00000000,Not Committed Yet,2024-04-10,10:15:43,-04:00,2024-04-10T10:15:43-04:00,0,0
src/routes/+page.svelte,2,svelte,00000000,Not Committed Yet,2024-04-10,10:15:43,-04:00,2024-04-10T10:15:43-04:00,0,6
src/routes/+page.svelte,3,css,00000000,Not Committed Yet,2024-04-10,10:15:43,-04:00,2024-04-10T10:15:43-04:00,0,30
src/routes/+page.svelte,4,css,00000000,Not Committed Yet,2024-04-10,10:15:43,-04:00,2024-04-10T10:15:43-04:00,0,0
src/routes/+page.svelte,5,css,00000000,Not Committed Yet,2024-04-10,10:15:43,-04:00,2024-04-10T10:15:43-04:00,0,0
src/routes/+page.svelte,6,svelte,00000000,Not Committed Yet,2024-04-10,10:15:43,-04:00,2024-04-10T10:15:43-04:00,0,7
src/routes/+page.svelte,7,svelte,00000000,Not Committed Yet,2024-04-10,10:15:43,-04:00,2024-04-10T10:15:43-04:00,0,7
src/routes/+page.svelte,8,js,00000000,Not Committed Yet,2024-04-10,10:15:43,-04:00,2024-04-10T10:15:43-04:00,0,32
src/routes/+page.svelte,9,js,00000000,Not Committed Yet,2024-04-10,10:15:43,-04:00,2024-04-10T10:15:43-04:00,0,56
src/routes/+page.svelte,10,js,00000000,Not Committed Yet,2024-04-10,10:15:43,-04:00,2024-04-10T10:15:43-04:00,0,118
src/routes/+page.svelte,11,js,00000000,Not Committed Yet,2024-04-10,10:15:43,-04:00,2024-04-10T10:15:43-04:00,0,32
src/routes/+page.svelte,12,js,00000000,Not Committed Yet,2024-04-10,10:15:43,-04:00,2024-04-10T10:15:43-04:00,0,24
src/routes/+page.svelte,13,js,00000000,Not Committed Yet,2024-04-10,10:15:43,-04:00,2024-04-10T10:15:43-04:00,0,0
src/routes/+page.svelte,14,js,00000000,Not Committed Yet,2024-04-10,10:15:43,-04:00,2024-04-10T10:15:43-04:00,0,0
src/routes/+page.svelte,15,js,00000000,Not Committed Yet,2024-04-10,10:15:43,-04:00,2024-04-10T10:15:43-04:00,0,7
src/routes/+page.svelte,16,js,00000000,Not Committed Yet,2024-04-10,10:15:43,-04:00,2024-04-10T10:15:43-04:00,0,0
src/routes/+page.svelte,17,js,00000000,Not Committed Yet,2024-04-10,10:15:43,-04:00,2024-04-10T10:15:43-04:00,0,19
src/routes/+page.svelte,18,js,00000000,Not Committed Yet,2024-04-10,10:15:43,-04:00,2024-04-10T10:15:43-04:00,0,23
src/routes/+page.svelte,19,js,00000000,Not Committed Yet,2024-04-10,10:15:43,-04:00,2024-04-10T10:15:43-04:00,0,0
src/routes/+page.svelte,20,js,00000000,Not Committed Yet,2024-04-10,10:15:43,-04:00,2024-04-10T10:15:43-04:00,0,15
src/routes/+page.svelte,21,js,00000000,Not Committed Yet,2024-04-10,10:15:43,-04:00,2024-04-10T10:15:43-04:00,0,28
src/routes/+page.svelte,22,js,00000000,Not Committed Yet,2024-04-10,10:15:43,-04:00,2024-04-10T10:15:43-04:00,0,7
src/routes/+page.svelte,23,js,00000000,Not Committed Yet,2024-04-10,10:15:43,-04:00,2024-04-10T10:15:43-04:00,0,10
src/routes/+page.svelte,24,js,00000000,Not Committed Yet,2024-04-10,10:15:43,-04:00,2024-04-10T10:15:43-04:00,0,11
src/routes/+page.svelte,25,js,00000000,Not Committed Yet,2024-04-10,10:15:43,-04:00,2024-04-10T10:15:43-04:00,0,43
src/routes/+page.svelte,26,js,00000000,Not Committed Yet,2024-04-10,10:15:43,-04:00,2024-04-10T10:15:43-04:00,0,0
src/routes/+page.svelte,27,js,00000000,Not Committed Yet,2024-04-10,10:15:43,-04:00,2024-04-10T10:15:43-04:00,0,2
src/routes/+page.svelte,28,js,00000000,Not Committed Yet,2024-04-10,10:15:43,-04:00,2024-04-10T10:15:43-04:00,0,53
src/routes/+page.svelte,29,js,00000000,Not Committed Yet,2024-04-10,10:15:43,-04:00,2024-04-10T10:15:43-04:00,0,30
src/routes/+page.svelte,30,js,00000000,Not Committed Yet,2024-04-10,10:15:43,-04:00,2024-04-10T10:15:43-04:00,0,15
src/routes/+page.svelte,31,js,00000000,Not Committed Yet,2024-04-10,10:15:43,-04:00,2024-04-10T10:15:43-04:00,0,167
src/routes/+page.svelte,32,js,00000000,Not Committed Yet,2024-04-10,10:15:43,-04:00,2024-04-10T10:15:43-04:00,0,2
src/routes/+page.svelte,33,js,00000000,Not Committed Yet,2024-04-10,10:15:43,-04:00,2024-04-10T10:15:43-04:00,0,13
src/routes/+page.svelte,34,js,00000000,Not Committed Yet,2024-04-10,10:15:43,-04:00,2024-04-10T10:15:43-04:00,0,53
src/routes/+page.svelte,35,js,00000000,Not Committed Yet,2024-04-10,10:15:43,-04:00,2024-04-10T10:15:43-04:00,0,73
src/routes/+page.svelte,36,js,00000000,Not Committed Yet,2024-04-10,10:15:43,-04:00,2024-04-10T10:15:43-04:00,0,62
src/routes/+page.svelte,37,js,00000000,Not Committed Yet,2024-04-10,10:15:43,-04:00,2024-04-10T10:15:43-04:00,0,7
src/routes/+page.svelte,38,js,00000000,Not Committed Yet,2024-04-10,10:15:43,-04:00,2024-04-10T10:15:43-04:00,0,15
src/routes/+page.svelte,39,js,00000000,Not Committed Yet,2024-04-10,10:15:43,-04:00,2024-04-10T10:15:43-04:00,0,21
src/routes/+page.svelte,40,js,00000000,Not Committed Yet,2024-04-10,10:15:43,-04:00,2024-04-10T10:15:43-04:00,0,19
src/routes/+page.svelte,41,js,00000000,Not Committed Yet,2024-04-10,10:15:43,-04:00,2024-04-10T10:15:43-04:00,0,0
src/routes/+page.svelte,42,js,00000000,Not Committed Yet,2024-04-10,10:15:43,-04:00,2024-04-10T10:15:43-04:00,0,1
src/routes/+page.svelte,43,js,00000000,Not Committed Yet,2024-04-10,10:15:43,-04:00,2024-04-10T10:15:43-04:00,0,2
src/routes/+page.svelte,44,js,00000000,Not Committed Yet,2024-04-10,10:15:43,-04:00,2024-04-10T10:15:43-04:00,0,33
src/routes/+page.svelte,45,js,00000000,Not Committed Yet,2024-04-10,10:15:43,-04:00,2024-04-10T10:15:43-04:00,0,15
src/routes/+page.svelte,46,js,00000000,Not Committed Yet,2024-04-10,10:15:43,-04:00,2024-04-10T10:15:43-04:00,0,138
src/routes/+page.svelte,47,js,00000000,Not Committed Yet,2024-04-10,10:15:43,-04:00,2024-04-10T10:15:43-04:00,0,2
src/routes/+page.svelte,48,js,00000000,Not Committed Yet,2024-04-10,10:15:43,-04:00,2024-04-10T10:15:43-04:00,0,13
src/routes/+page.svelte,49,js,00000000,Not Committed Yet,2024-04-10,10:15:43,-04:00,2024-04-10T10:15:43-04:00,0,56
src/routes/+page.svelte,50,js,00000000,Not Committed Yet,2024-04-10,10:15:43,-04:00,2024-04-10T10:15:43-04:00,0,73
src/routes/+page.svelte,51,js,00000000,Not Committed Yet,2024-04-10,10:15:43,-04:00,2024-04-10T10:15:43-04:00,0,65
src/routes/+page.svelte,52,js,00000000,Not Committed Yet,2024-04-10,10:15:43,-04:00,2024-04-10T10:15:43-04:00,0,7
src/routes/+page.svelte,53,js,00000000,Not Committed Yet,2024-04-10,10:15:43,-04:00,2024-04-10T10:15:43-04:00,0,15
src/routes/+page.svelte,54,js,00000000,Not Committed Yet,2024-04-10,10:15:43,-04:00,2024-04-10T10:15:43-04:00,0,21
src/routes/+page.svelte,55,js,00000000,Not Committed Yet,2024-04-10,10:15:43,-04:00,2024-04-10T10:15:43-04:00,0,19
src/routes/+page.svelte,56,js,00000000,Not Committed Yet,2024-04-10,10:15:43,-04:00,2024-04-10T10:15:43-04:00,0,0
src/routes/+page.svelte,57,js,00000000,Not Committed Yet,2024-04-10,10:15:43,-04:00,2024-04-10T10:15:43-04:00,0,1
src/routes/+page.svelte,58,js,00000000,Not Committed Yet,2024-04-10,10:15:43,-04:00,2024-04-10T10:15:43-04:00,0,2
src/routes/+page.svelte,59,js,00000000,Not Committed Yet,2024-04-10,10:15:43,-04:00,2024-04-10T10:15:43-04:00,0,0
src/routes/+page.svelte,60,js,00000000,Not Committed Yet,2024-04-10,10:15:43,-04:00,2024-04-10T10:15:43-04:00,0,0
src/routes/+page.svelte,61,js,00000000,Not Committed Yet,2024-04-10,10:15:43,-04:00,2024-04-10T10:15:43-04:00,0,1
src/routes/+page.svelte,62,js,00000000,Not Committed Yet,2024-04-10,10:15:43,-04:00,2024-04-10T10:15:43-04:00,0,17
src/routes/+page.svelte,63,js,00000000,Not Committed Yet,2024-04-10,10:15:43,-04:00,2024-04-10T10:15:43-04:00,0,0
src/routes/+page.svelte,64,js,00000000,Not Committed Yet,2024-04-10,10:15:43,-04:00,2024-04-10T10:15:43-04:00,0,20
src/routes/+page.svelte,65,js,00000000,Not Committed Yet,2024-04-10,10:15:43,-04:00,2024-04-10T10:15:43-04:00,0,34
src/routes/+page.svelte,66,js,00000000,Not Committed Yet,2024-04-10,10:15:43,-04:00,2024-04-10T10:15:43-04:00,0,2
src/routes/+page.svelte,67,js,00000000,Not Committed Yet,2024-04-10,10:15:43,-04:00,2024-04-10T10:15:43-04:00,0,29
src/routes/+page.svelte,68,js,00000000,Not Committed Yet,2024-04-10,10:15:43,-04:00,2024-04-10T10:15:43-04:00,0,60
src/routes/+page.svelte,69,js,00000000,Not Committed Yet,2024-04-10,10:15:43,-04:00,2024-04-10T10:15:43-04:00,0,31
src/routes/+page.svelte,70,js,00000000,Not Committed Yet,2024-04-10,10:15:43,-04:00,2024-04-10T10:15:43-04:00,0,21
src/routes/+page.svelte,71,js,00000000,Not Committed Yet,2024-04-10,10:15:43,-04:00,2024-04-10T10:15:43-04:00,0,0
src/routes/+page.svelte,72,js,00000000,Not Committed Yet,2024-04-10,10:15:43,-04:00,2024-04-10T10:15:43-04:00,0,0
src/routes/+page.svelte,73,js,00000000,Not Committed Yet,2024-04-10,10:15:43,-04:00,2024-04-10T10:15:43-04:00,0,0
src/routes/+page.svelte,74,svelte,00000000,Not Committed Yet,2024-04-10,10:15:43,-04:00,2024-04-10T10:15:43-04:00,0,8
src/routes/+page.svelte,75,svelte,00000000,Not Committed Yet,2024-04-10,10:15:43,-04:00,2024-04-10T10:15:43-04:00,0,0
src/routes/+page.svelte,76,svelte,00000000,Not Committed Yet,2024-04-10,10:15:43,-04:00,2024-04-10T10:15:43-04:00,0,0
src/routes/+page.svelte,77,svelte,00000000,Not Committed Yet,2024-04-10,10:15:43,-04:00,2024-04-10T10:15:43-04:00,0,0
src/routes/+page.svelte,78,svelte,00000000,Not Committed Yet,2024-04-10,10:15:43,-04:00,2024-04-10T10:15:43-04:00,1,0
src/routes/+page.svelte,79,svelte,00000000,Not Committed Yet,2024-04-10,10:15:43,-04:00,2024-04-10T10:15:43-04:00,0,0
src/routes/+page.svelte,80,svelte,00000000,Not Committed Yet,2024-04-10,10:15:43,-04:00,2024-04-10T10:15:43-04:00,0,0
src/routes/+page.svelte,81,svelte,00000000,Not Committed Yet,2024-04-10,10:15:43,-04:00,2024-04-10T10:15:43-04:00,0,0
src/routes/+page.svelte,82,svelte,00000000,Not Committed Yet,2024-04-10,10:15:43,-04:00,2024-04-10T10:15:43-04:00,0,0
src/routes/+page.svelte,83,svelte,00000000,Not Committed Yet,2024-04-10,10:15:43,-04:00,2024-04-10T10:15:43-04:00,0,24
src/routes/+page.svelte,84,svelte,d064c4d4,Szheng2324,2024-04-08,10:07:43,-04:00,2024-04-08T10:07:43-04:00,0,21
src/routes/+page.svelte,85,svelte,00000000,Not Committed Yet,2024-04-10,10:15:43,-04:00,2024-04-10T10:15:43-04:00,0,0
src/routes/+page.svelte,86,svelte,00000000,Not Committed Yet,2024-04-10,10:15:43,-04:00,2024-04-10T10:15:43-04:00,0,13
src/routes/+page.svelte,87,svelte,00000000,Not Committed Yet,2024-04-10,10:15:43,-04:00,2024-04-10T10:15:43-04:00,1,4
src/routes/+page.svelte,88,svelte,00000000,Not Committed Yet,2024-04-10,10:15:43,-04:00,2024-04-10T10:15:43-04:00,0,15
src/routes/+page.svelte,89,svelte,00000000,Not Committed Yet,2024-04-10,10:15:43,-04:00,2024-04-10T10:15:43-04:00,0,34
src/routes/+page.svelte,90,svelte,00000000,Not Committed Yet,2024-04-10,10:15:43,-04:00,2024-04-10T10:15:43-04:00,0,58
src/routes/+page.svelte,91,svelte,00000000,Not Committed Yet,2024-04-10,10:15:43,-04:00,2024-04-10T10:15:43-04:00,0,0
src/routes/+page.svelte,92,svelte,00000000,Not Committed Yet,2024-04-10,10:15:43,-04:00,2024-04-10T10:15:43-04:00,0,6
src/routes/+page.svelte,93,svelte,00000000,Not Committed Yet,2024-04-10,10:15:43,-04:00,2024-04-10T10:15:43-04:00,0,3
src/routes/+page.svelte,94,svelte,00000000,Not Committed Yet,2024-04-10,10:15:43,-04:00,2024-04-10T10:15:43-04:00,0,0
src/routes/+page.svelte,95,svelte,00000000,Not Committed Yet,2024-04-10,10:15:43,-04:00,2024-04-10T10:15:43-04:00,0,5
src/routes/+page.svelte,96,svelte,00000000,Not Committed Yet,2024-04-10,10:15:43,-04:00,2024-04-10T10:15:43-04:00,0,5
src/lib/index.js,1,js,569f80c5,Szheng2324,2024-04-08,09:46:03,-04:00,2024-04-08T09:46:03-04:00,0,73
